"categorie","reference_produit","stock_actuel"
"Ampli","Boss Katana 50 (Gen 3)",9
"Ampli","Marshall MG30GFX",8
"Ampli","Fender Blues Junior",4
"Ampli","Vox AC30",2
"Ampli","Positive Grid Spark 40",9
"Ampli","Orange Crush 20RT",9
"Ampli","Roland Cube 10GX",9
"Ampli","Line 6 Catalyst 60",9
"Ampli","Peavey Vypyr X1",9
"Ampli","Blackstar FLY3 Mini",8
"Cordes Electrique","Ernie Ball Power Slinky 2220",213
"Cordes Electrique","Ernie Ball Super Slinky 2223",197
"Cordes Electrique","Ernie Ball 2221 Regular Slinky",206
"Cordes Electrique","Pyramid Pure Nickel (Jazz)",208
"Cordes Electrique","Fender 250L (3-Pack)",204
"Cordes Electrique","DAddario EXL110 Regular Light",217
"Cordes Electrique","DAddario NYXL0946 Hybrid Light",206
"Cordes Electrique","DAddario EXL125 Super Light",217
"Cordes Electrique","Elixir Nanoweb Light (Single)",208
"Cordes Electrique","Ernie Ball 3221 (3-Pack)",214
"Cordes Folk","Daddario EJ16-3D",141
"Cordes Folk","Adamas 1717NU",213
"Cordes Folk","DAddario EJ16 Light",202
"Cordes Folk","Ernie Ball 2003 Earthwood Bronze",213
"Cordes Folk","Ernie Ball Paradigm Phosphor B. EL 10-50",213
"Cordes Folk","Martin Guitar MA-170 Authentic Acoustic Set",216
"Cordes Folk","Savarez Argentine 1510",212
"Cordes Folk","Elixir Nanoweb Light Phosphor Bronze",216
"Cordes Folk","GHS Bright Bronze BB60X 009-042",211
"Cordes Folk","Thomastik SB110 Spectrum Bronze",219
"Guitare Electrique","Jackson JS22 DKA",239
"Guitare Electrique","Duesenberg Starplayer TV",43
"Guitare Electrique","Fender Strat Std",127
"Guitare Electrique","Ibanez RG421",96
"Guitare Electrique","Squier Affinity Strat",220
"Guitare Electrique","Yamaha Pacifica 112",233
"Guitare Electrique","Gibson Les Paul Std",51
"Guitare Electrique","Gretsch Streamliner",113
"Guitare Electrique","PRS SE Custom 24",66
"Guitare Electrique","Epiphone Les Paul Std",114
"Guitare Folk","Fender CD-60",283
"Guitare Folk","Takamine GD20",112
"Guitare Folk","Yamaha FG800M",283
"Guitare Folk","Ibanez PF15",235
"Guitare Folk","Martin D-18",56
"Guitare Folk","Guild D-120",103
"Guitare Folk","Seagull S6 Original",109
"Guitare Folk","Taylor GS Mini",110
"Guitare Folk","Epiphone Hummingbird",105
"Guitare Folk","Gibson L-00",71
"Mediator","Dunlop Electric Pick Variety Pack",205
"Mediator","Fender Ocean Turq Pick Extra Heavy",205
"Mediator","Dunlop Primetone Standard Grip 0,73",209
"Mediator","Fender Triangle Picks Shell Set Med",211
"Mediator","Gibson Picks Wedge Style Heavy Set",208
"Mediator","Ibanez PPA16HSG-RD Pick Set",212
"Mediator","Taylor Celluloid Pick Tin Set",212
"Mediator","Dunlop Nylon Max Grip 0.73 Player Pk",215
"Mediator","Dunlop Tortex Standard 0,88",207
"Mediator","Gibson Perloid Picks Medium 12pc",201
"Sangle","Sangle Cuir Suede",74
"Sangle","Sangle Nylon Noir",109
"Sangle","Sangle Planet Waves",117
"Sangle","Sangle en chanvre",72
"Sangle","Sangle en coton",110
"Sangle","Sangle Ernie Ball",111
"Sangle","Sangle Jacquard Vintage",75
"Sangle","Sangle Levys Tissus",75
"Sangle","Sangle cuir Deluxe",72
"Sangle","Sangle Dunlop",109
